"customer id","customer name",email
129058,,129058@email.io
80637,,80637@email.io
1666828,,
Z8351557,,Z8351557@email.io
10110,,10110@email.io
5604,"Adelle Naugle",
Z3950199,"Adelle Naugle",Adelle.NaugleZ3950199@email.io
183603,"Adelle Naugle",
95489,"Adelle Naugle",Adelle.Naugle95489@email.io
39774,"Adelle Naugle",
400196,"Adelle Naugle",Adelle.Naugle400196@email.io
4137079,"Adelle Naugle",Adelle.Naugle4137079@email.io
27184,"Adelle Naugle",Adelle.Naugle27184@email.io
9881101,"Adelle Naugle",Adelle.Naugle9881101@email.io
4891145,"Adelle Naugle",Adelle.Naugle4891145@email.io
2199028,"Adelle Naugle",Adelle.Naugle2199028@email.io
Z4049200,"Adelle Naugle",
Z7404040,"Adelle Naugle",
3124476,"Adelle Naugle",
2213489,"Adelle Naugle",
4527596,"Adelle Naugle",Adelle.Naugle4527596@email.io
432357,"Adelle Naugle",
6302210,"Adelle Naugle",
Z7483100,"Adelle Naugle",Adelle.NaugleZ7483100@email.io
182189,"Adelle Naugle",
45768,"Adelle Naugle",
80000,"Adelle Naugle",Adelle.Naugle80000@email.io
100356,"Adelle Naugle",Adelle.Naugle100356@email.io
1093,"Adelle Naugle",
12795,"Alonzo Freese",Alonzo.Freese12795@email.io
15264567,"Alonzo Freese",
5298,"Alonzo Freese",
4801684,"Alonzo Freese",Alonzo.Freese4801684@email.io
2,"Alonzo Freese",Alonzo.Freese2@email.io
1120970,"Alonzo Freese",Alonzo.Freese1120970@email.io
92372,"Alonzo Freese",
1041216,"Alonzo Freese",Alonzo.Freese1041216@email.io
37924,"Alonzo Freese","Alonzo.Freese37924@email.io; Alonzo37924@email.io"
Z8668810,"Alonzo Freese",
2275,"Alonzo Freese",
4167508,"Alonzo Freese",Alonzo.Freese4167508@email.io
6238,"Alonzo Freese",
400695,"Alonzo Freese",Alonzo.Freese400695@email.io
191776,"Alonzo Freese",Alonzo.Freese191776@email.io
139887,"Alonzo Freese",
1087,"Alonzo Freese",
Z2761111,"Alonzo Freese",
4700703,"Alonzo Freese",
102944,"Alonzo Freese",
7337134,"Alonzo Freese",Alonzo.Freese7337134@email.io
Z3511536,"Alonzo Freese",Alonzo.FreeseZ3511536@email.io
Z5859292,"Alonzo Freese",
86701,"Alonzo Freese",Alonzo.Freese86701@email.io
Z2544540,"Alonzo Freese",Alonzo.FreeseZ2544540@email.io
1613,"Alonzo Freese",
14763,"Annelle Pfeff",Annelle.Pfeff14763@email.io
53241,"Annelle Pfeff",
162065,"Annelle Pfeff",
5649040,"Annelle Pfeff",Annelle.Pfeff5649040@email.io
Z6242940,"Annelle Pfeff",
1330,"Annelle Pfeff",
400100,"Annelle Pfeff",Annelle.Pfeff400100@email.io
1828,"Annelle Pfeff",
Z8838681,"Annelle Pfeff",
4147309,"Annelle Pfeff",
Z6251196,"Annelle Pfeff",Annelle.PfeffZ6251196@email.io
5744370,"Annelle Pfeff",
Z3835390,"Annelle Pfeff",Annelle.PfeffZ3835390@email.io
77558,"Annelle Pfeff",Annelle.Pfeff77558@email.io
4577777,"Annelle Pfeff",Annelle.Pfeff4577777@email.io
5842888,"Annelle Pfeff",Annelle.Pfeff5842888@email.io
6502,"Annelle Pfeff",
86521,"Annelle Pfeff",Annelle.Pfeff86521@email.io
46966,"Annelle Pfeff",Annelle.Pfeff46966@email.io
7851800,"Annelle Pfeff",Annelle.Pfeff7851800@email.io
4327,"Annelle Pfeff",
P103,"Annelle Pfeff",Annelle.PfeffP103@email.io
4131996,"Annelle Pfeff",Annelle.Pfeff4131996@email.io
7362,"Annelle Pfeff",
Z2987700,"Annelle Pfeff",
16107396,"Annelle Pfeff",
Z8592888,"Betsey Arceo ",
1034,"Betsey Arceo ",
6234,"Betsey Arceo ",
102921,"Betsey Arceo ",Betsey.Arceo.102921@email.io
5244,"Betsey Arceo ",
90054,"Betsey Arceo ",
Z6917700,"Betsey Arceo ",Betsey.Arceo.Z6917700@email.io
7296331,"Betsey Arceo ",
4551968,"Betsey Arceo ",Betsey.Arceo.4551968@email.io
46617,"Betsey Arceo ",Betsey.Arceo.46617@email.io
4505986,"Betsey Arceo ",
3129011,"Betsey Arceo ",Betsey.Arceo.3129011@email.io
Z6414466,"Betsey Arceo ",Betsey.Arceo.Z6414466@email.io
102932,"Betsey Arceo ",
1016,"Betsey Arceo ",
Z5856000,"Betsey Arceo ",
401751,"Betsey Arceo ",Betsey.Arceo.401751@email.io
86591,"Betsey Arceo ",Betsey.Arceo.86591@email.io
15261640,"Betsey Arceo ",
3473268600,"Betsey Arceo ",
5388400,"Betsey Arceo ",Betsey.Arceo.5388400@email.io
1791,"Betsey Arceo ",
Z2731300,"Betsey Arceo ",
212788,"Betsey Arceo ",Betsey.Arceo.212788@email.io
4672533,"Betsey Arceo ",Betsey.Arceo.4672533@email.io
127305,"Betsey Arceo ",
8028,"Branda Tatem ",
102857,"Branda Tatem ",
6587,"Branda Tatem ",
1508,"Branda Tatem ",
5618644,"Branda Tatem ",Branda.Tatem.5618644@email.io
2568371,"Branda Tatem ",
10520,"Branda Tatem ",Branda.Tatem.10520@email.io
4180347,"Branda Tatem ",
184539,"Branda Tatem ",
227825,"Branda Tatem ",
4690,"Branda Tatem ",
4174450,"Branda Tatem ",Branda.Tatem.4174450@email.io
25581,"Branda Tatem ",Branda.Tatem.25581@email.io
86510,"Branda Tatem ",Branda.Tatem.86510@email.io
5320349,"Branda Tatem ",Branda.Tatem.5320349@email.io
Z9203366,"Branda Tatem ",
60301,"Branda Tatem ",
400710,"Branda Tatem ",
Z8242990,"Branda Tatem ",Branda.Tatem.Z8242990@email.io
Z68723302,"Branda Tatem ",Branda.Tatem.Z68723302@email.io
95979,"Branda Tatem ",Branda.Tatem.95979@email.io
4174558,"Branda Tatem ",Branda.Tatem.4174558@email.io
76675,"Branda Tatem ",
8278777,"Branda Tatem ",Branda.Tatem.8278777@email.io
Z3240326,"Branda Tatem ",
Z6390806,"Branda Tatem ",
234566,"Brandee Mell ",
6068,"Brandee Mell ",
15258418,"Brandee Mell ",Brandee.Mell.15258418@email.io
123553,"Brandee Mell ",Brandee.Mell.123553@email.io
4149349,"Brandee Mell ",Brandee.Mell.4149349@email.io
7542300,"Brandee Mell ",
95567,"Brandee Mell ",
2224667,"Brandee Mell ",
1052,"Brandee Mell ",Brandee.Mell.1052@email.io
4747,"Brandee Mell ",Brandee.Mell.4747@email.io
12049,"Brandee Mell ",
1227,"Brandee Mell ",
Z4337300,"Brandee Mell ",
4148200,"Brandee Mell ",Brandee.Mell.4148200@email.io
140725,"Brandee Mell ",
Z7668501,"Brandee Mell ",
21351,"Brandee Mell ",Brandee.Mell.21351@email.io
5679043,"Brandee Mell ",Brandee.Mell.5679043@email.io
363043,"Brandee Mell ",
85903,"Brandee Mell ",Brandee.Mell.85903@email.io
Z7668758,"Brandee Mell ",Brandee.Mell.Z7668758@email.io
4623681,"Brandee Mell ",Brandee.Mell.4623681@email.io
105311,"Brandee Mell ",
3125639,"Brandee Mell ",
Z4967598,"Brandee Mell ",Brandee.Mell.Z4967598@email.io
7371200,"Brandee Mell ",Brandee.Mell.7371200@email.io
3665631,"Bulah Carbaja",Bulah.Carbaja3665631@email.io
6533,"Bulah Carbaja",
3125772,"Bulah Carbaja",Bulah.Carbaja3125772@email.io
53808,"Bulah Carbaja",
144059,"Bulah Carbaja",
Z9831313,"Bulah Carbaja",Bulah.CarbajaZ9831313@email.io
Z6611376,"Bulah Carbaja",Bulah.CarbajaZ6611376@email.io
49293,"Bulah Carbaja",Bulah.Carbaja49293@email.io
22277745,"Bulah Carbaja",
7719,"Bulah Carbaja",
Z3172916,"Bulah Carbaja",
4590,"Bulah Carbaja",
173233,"Bulah Carbaja",
4574391,"Bulah Carbaja",Bulah.Carbaja4574391@email.io
56297,"Bulah Carbaja",
1366,"Bulah Carbaja",
4172273,"Bulah Carbaja",Bulah.Carbaja4172273@email.io
164175,"Bulah Carbaja",Bulah.Carbaja164175@email.io
127192,"Bulah Carbaja",
5649031,"Bulah Carbaja",Bulah.Carbaja5649031@email.io
Z9045547,"Bulah Carbaja",
14652,"Bulah Carbaja",Bulah.Carbaja14652@email.io
401551WEN,"Bulah Carbaja",Bulah.Carbaja401551WEN@email.io
Z6275115,"Bulah Carbaja",
10388,"Bulah Carbaja",Bulah.Carbaja10388@email.io
4148906,"Bulah Carbaja",
Z5623228,"Carmelo Cotno",Carmelo.CotnoZ5623228@email.io
164767,"Carmelo Cotno",
1433750,"Carmelo Cotno",
Z7371200,"Carmelo Cotno",
12474,"Carmelo Cotno",Carmelo.Cotno12474@email.io
413502,"Carmelo Cotno",
Z3796600,"Carmelo Cotno",
1514,"Carmelo Cotno",
100,"Carmelo Cotno",Carmelo.Cotno100@email.io
2093003,"Carmelo Cotno",Carmelo.Cotno2093003@email.io
86507HOL,"Carmelo Cotno",Carmelo.Cotno86507HOL@email.io
1088,"Carmelo Cotno",
15410,"Carmelo Cotno",
7635200,"Carmelo Cotno",Carmelo.Cotno7635200@email.io
3122071,"Carmelo Cotno",
56603,"Carmelo Cotno",Carmelo.Cotno56603@email.io
15239660,"Carmelo Cotno",Carmelo.Cotno15239660@email.io
62695,"Carmelo Cotno",Carmelo.Cotno62695@email.io
Z4941900,"Carmelo Cotno",Carmelo.CotnoZ4941900@email.io
4691970,"Carmelo Cotno",Carmelo.Cotno4691970@email.io
6129,"Carmelo Cotno",
36054,"Carmelo Cotno",
4482203,"Carmelo Cotno",
4155902,"Carmelo Cotno",Carmelo.Cotno4155902@email.io
2834442,"Carmelo Cotno",Carmelo.Cotno2834442@email.io
2333663,"Cuc Tripoli  ",
206831,"Cuc Tripoli  ",
27174,"Cuc Tripoli  ",Cuc.Tripoli. 27174@email.io
Z6359428,"Cuc Tripoli  ",Cuc.Tripoli. Z6359428@email.io
235681,"Cuc Tripoli  ",Cuc.Tripoli. 235681@email.io
5317584,"Cuc Tripoli  ",Cuc.Tripoli. 5317584@email.io
6554,"Cuc Tripoli  ",
85863,"Cuc Tripoli  ",
Z6379598,"Cuc Tripoli  ",
75016,"Cuc Tripoli  ",
72279023,"Cuc Tripoli  ",
45041,"Cuc Tripoli  ",Cuc.Tripoli. 45041@email.io
Z3204000,"Cuc Tripoli  ",
4173855,"Cuc Tripoli  ",Cuc.Tripoli. 4173855@email.io
2093259,"Cuc Tripoli  ",Cuc.Tripoli. 2093259@email.io
7823,"Cuc Tripoli  ",
3466068,"Cuc Tripoli  ",Cuc.Tripoli. 3466068@email.io
4155380,"Cuc Tripoli  ",
7338555,"Cuc Tripoli  ",Cuc.Tripoli. 7338555@email.io
Z3391706,"Cuc Tripoli  ",Cuc.Tripoli. Z3391706@email.io
1373,"Cuc Tripoli  ",
56636,"Cuc Tripoli  ",
147233,"Cuc Tripoli  ",
4641,"Cuc Tripoli  ",
86708,"Cuc Tripoli  ",Cuc.Tripoli. 86708@email.io
Z9050753,"Cuc Tripoli  ",
5705099,"Darcy Westbro",Darcy.Westbro5705099@email.io
87352,"Darcy Westbro",
1094,"Darcy Westbro",Darcy.Westbro1094@email.io
2841200,"Darcy Westbro",Darcy.Westbro2841200@email.io
214368,"Darcy Westbro",
4541,"Darcy Westbro",Darcy.Westbro4541@email.io
4174397,"Darcy Westbro",Darcy.Westbro4174397@email.io
Z4272747,"Darcy Westbro",
86397,"Darcy Westbro",
145655,"Darcy Westbro",
6633202,"Darcy Westbro",
10000,"Darcy Westbro",
3125298,"Darcy Westbro",
4119117,"Darcy Westbro",Darcy.Westbro4119117@email.io
Z4928143,"Darcy Westbro",Darcy.WestbroZ4928143@email.io
Z3387282,"Darcy Westbro",Darcy.WestbroZ3387282@email.io
1147,"Darcy Westbro",
Z7568080,"Darcy Westbro",
6011,"Darcy Westbro",
195508,"Darcy Westbro",Darcy.Westbro195508@email.io
133952,"Darcy Westbro",Darcy.Westbro133952@email.io
15263974,"Darcy Westbro",Darcy.Westbro15263974@email.io
6634,"Darcy Westbro",
9654355,"Darcy Westbro",Darcy.Westbro9654355@email.io
13646,"Darcy Westbro",Darcy.Westbro13646@email.io
2217673,"Darcy Westbro",
89904,"Deandra Craft",Deandra.Craft89904@email.io
51381,"Deandra Craft",Deandra.Craft51381@email.io
5288206,"Deandra Craft",Deandra.Craft5288206@email.io
1248,"Deandra Craft",
4233038,"Deandra Craft",
7452141,"Deandra Craft",
4731492,"Deandra Craft",Deandra.Craft4731492@email.io
Z4474898,"Deandra Craft",Deandra.CraftZ4474898@email.io
15232831,"Deandra Craft",
1671,"Deandra Craft",Deandra.Craft1671@email.io
86884,"Deandra Craft",Deandra.Craft86884@email.io
7841321,"Deandra Craft",
57749,"Deandra Craft",
172,"Deandra Craft",
4151,"Deandra Craft",
C0129,"Deandra Craft",Deandra.CraftC0129@email.io
Z25355551,"Deandra Craft",
2531528,"Deandra Craft",Deandra.Craft2531528@email.io
355,"Deandra Craft",
4549443,"Deandra Craft",Deandra.Craft4549443@email.io
2465,"Deandra Craft",
Z3933111,"Deandra Craft",Deandra.CraftZ3933111@email.io
4175170,"Deandra Craft",
Z54599691,"Deandra Craft",
102642,"Deandra Craft",
Z84281501,"Deandra Craft",
1741,"Debera Bomgar",Debera.Bomgar1741@email.io
96257,"Debera Bomgar",
4144911,"Debera Bomgar",Debera.Bomgar4144911@email.io
3131C,"Debera Bomgar",Debera.Bomgar3131C@email.io
1109,"Debera Bomgar",
Z7948444,"Debera Bomgar",Debera.BomgarZ7948444@email.io
Z7513344,"Debera Bomgar",
4166469,"Debera Bomgar",Debera.Bomgar4166469@email.io
55823,"Debera Bomgar",Debera.Bomgar55823@email.io
245357,"Debera Bomgar",Debera.Bomgar245357@email.io
Z9922500,"Debera Bomgar",Debera.BomgarZ9922500@email.io
190486,"Debera Bomgar",
5855,"Debera Bomgar",
77212,"Debera Bomgar",
3125262,"Debera Bomgar",
2815933,"Debera Bomgar",Debera.Bomgar2815933@email.io
184627,"Debera Bomgar",
64094,"Debera Bomgar",
3312391,"Debera Bomgar",Debera.Bomgar3312391@email.io
13068,"Debera Bomgar",Debera.Bomgar13068@email.io
6557,"Debera Bomgar",
97610,"Debera Bomgar",Debera.Bomgar97610@email.io
2217023,"Debera Bomgar",
Z4211225,"Debera Bomgar",
64812,"Debera Bomgar",Debera.Bomgar64812@email.io
6324001,"Debera Bomgar",
2700,"Dulce Felix  ",
4100757,"Dulce Felix  ",Dulce.Felix. 4100757@email.io
5406885,"Dulce Felix  ",Dulce.Felix. 5406885@email.io
5714,"Dulce Felix  ",
Z2885750,"Dulce Felix  ",
155124,"Dulce Felix  ",
4227,"Dulce Felix  ",
Z5911283,"Dulce Felix  ",
8202977,"Dulce Felix  ",Dulce.Felix. 8202977@email.io
120460,"Dulce Felix  ",
15268396,"Dulce Felix  ",
401615,"Dulce Felix  ",Dulce.Felix. 401615@email.io
2229447,"Dulce Felix  ",Dulce.Felix. 2229447@email.io
2494035,"Dulce Felix  ",Dulce.Felix. 2494035@email.io
173682,"Dulce Felix  ",Dulce.Felix. 173682@email.io
4905282,"Dulce Felix  ",
1682,"Dulce Felix  ",
6374,"Dulce Felix  ",
Z8757007,"Dulce Felix  ",
Z7319648,"Dulce Felix  ",Dulce.Felix. Z7319648@email.io
99482,"Dulce Felix  ",Dulce.Felix. 99482@email.io
1163,"Dulce Felix  ",
Z9858811,"Dulce Felix  ",Dulce.Felix. Z9858811@email.io
5770457,"Dulce Felix  ",Dulce.Felix. 5770457@email.io
19251,"Dulce Felix  ",Dulce.Felix. 19251@email.io
4056784,"Dulce Felix  ",
15805,"Elisha Poulos",
3479970,"Elisha Poulos",
4175434,"Elisha Poulos",Elisha.Poulos4175434@email.io
Z7255900,"Elisha Poulos",
Z3672081,"Elisha Poulos",
6098,"Elisha Poulos",
Z9971800,"Elisha Poulos",Elisha.PoulosZ9971800@email.io
90062,"Elisha Poulos",
1346339,"Elisha Poulos",
50740,"Elisha Poulos",Elisha.Poulos50740@email.io
4169583,"Elisha Poulos",Elisha.Poulos4169583@email.io
4175030,"Elisha Poulos",Elisha.Poulos4175030@email.io
178710,"Elisha Poulos",Elisha.Poulos178710@email.io
145715,"Elisha Poulos",Elisha.Poulos145715@email.io
401551KEN,"Elisha Poulos",Elisha.Poulos401551KEN@email.io
Z9848446,"Elisha Poulos",
2278765,"Elisha Poulos",
45172,"Elisha Poulos",Elisha.Poulos45172@email.io
1600552,"Elisha Poulos",
5171951,"Elisha Poulos",
157706,"Elisha Poulos",
Z6135430,"Elisha Poulos",Elisha.PoulosZ6135430@email.io
6569,"Elisha Poulos",Elisha.Poulos6569@email.io
3385797,"Elisha Poulos",Elisha.Poulos3385797@email.io
5822,"Elisha Poulos",Elisha.Poulos5822@email.io
143942,"Elisha Poulos",Elisha.Poulos143942@email.io
2238062,"Ellen Edds  ",Ellen.Edds. 2238062@email.io
2539383,"Ellen Edds  ",
48149,"Ellen Edds  ",Ellen.Edds. 48149@email.io
226646,"Ellen Edds  ",
4663,"Ellen Edds  ",
12009,"Ellen Edds  ",Ellen.Edds. 12009@email.io
Z9063549,"Ellen Edds  ",
102698,"Ellen Edds  ",
401749,"Ellen Edds  ",Ellen.Edds. 401749@email.io
86579,"Ellen Edds  ",
9295391,"Ellen Edds  ",Ellen.Edds. 9295391@email.io
Z6872330,"Ellen Edds  ",Ellen.Edds. Z6872330@email.io
5078162,"Ellen Edds  ",Ellen.Edds. 5078162@email.io
6555,"Ellen Edds  ",
4165768,"Ellen Edds  ",
4174540,"Ellen Edds  ",Ellen.Edds. 4174540@email.io
Z6384802,"Ellen Edds  ",
75794,"Ellen Edds  ",
Z3222438,"Ellen Edds  ",
1455,"Ellen Edds  ",
59253,"Ellen Edds  ",
71491,"Ellen Edds  ",Ellen.Edds. 71491@email.io
7851,"Ellen Edds  ",
164487,"Ellen Edds  ",
Z8573303,"Ellen Edds  ",Ellen.Edds. Z8573303@email.io
1791791,"Ellen Edds  ",Ellen.Edds. 1791791@email.io
Z57210111,"Elodia Mize  ",
401711,"Elodia Mize  ",Elodia.Mize. 401711@email.io
401690D,"Elodia Mize  ",Elodia.Mize. 401690D@email.io
4691972,"Elodia Mize  ",Elodia.Mize. 4691972@email.io
Z6223678,"Elodia Mize  ",Elodia.Mize. Z6223678@email.io
8287656,"Elodia Mize  ",Elodia.Mize. 8287656@email.io
4885,"Elodia Mize  ",
4484409,"Elodia Mize  ",
4729020,"Elodia Mize  ",Elodia.Mize. 4729020@email.io
909,"Elodia Mize  ",
1119,"Elodia Mize  ",Elodia.Mize. 1119@email.io
102859,"Elodia Mize  ",
110359,"Elodia Mize  ",
Z7661900,"Elodia Mize  ",Elodia.Mize. Z7661900@email.io
7220931,"Elodia Mize  ",
15260450,"Elodia Mize  ",
1532,"Elodia Mize  ",
Z8547900,"Elodia Mize  ",
239457,"Elodia Mize  ",Elodia.Mize. 239457@email.io
Z2698028,"Elodia Mize  ",
9918888,"Elodia Mize  ",
3876794,"Elodia Mize  ",Elodia.Mize. 3876794@email.io
13475,"Elodia Mize  ",Elodia.Mize. 13475@email.io
88132,"Elodia Mize  ",
6226,"Elodia Mize  ",
5904277,"Elodia Mize  ",Elodia.Mize. 5904277@email.io
4174066,"Euna Skillern",
7292867,"Euna Skillern",
83463,"Euna Skillern",Euna.Skillern83463@email.io
4684229,"Euna Skillern",
15231186,"Euna Skillern",
74133,"Euna Skillern",Euna.Skillern74133@email.io
Z8152886,"Euna Skillern",Euna.SkillernZ8152886@email.io
Z24917771,"Euna Skillern",
298817,"Euna Skillern","Euna Skillern298817@email.io"
3221088,"Euna Skillern",
102475,"Euna Skillern",
53888,"Euna Skillern",
4118987,"Euna Skillern",Euna.Skillern4118987@email.io
1097,"Euna Skillern",
3967,"Euna Skillern",
85964,"Euna Skillern",Euna.Skillern85964@email.io
5381625,"Euna Skillern",Euna.Skillern5381625@email.io
16785,"Euna Skillern",Euna.Skillern16785@email.io
Z8371559,"Euna Skillern",
4267383,"Euna Skillern",Euna.Skillern4267383@email.io
Z5453725,"Euna Skillern",
3354711,"Euna Skillern",Euna.Skillern3354711@email.io
6528,"Euna Skillern",Euna.Skillern6528@email.io
401113,"Euna Skillern",Euna.Skillern401113@email.io
1104,"Euna Skillern",Euna.Skillern1104@email.io
Z3750276,"Euna Skillern",Euna.SkillernZ3750276@email.io
Z9860505,"Fidelia Morei",Fidelia.MoreiZ9860505@email.io
554130,"Fidelia Morei",
Z8282100,"Fidelia Morei",
Z6769707,"Fidelia Morei",Fidelia.MoreiZ6769707@email.io
1063,"Fidelia Morei",
4172462,"Fidelia Morei",
80307,"Fidelia Morei",Fidelia.Morei80307@email.io
3526,"Fidelia Morei",
3957800,"Fidelia Morei",
Z2488585,"Fidelia Morei",
298559,"Fidelia Morei",Fidelia.Morei298559@email.io;Fidelia.Morei@gotmail.ninja
3124917,"Fidelia Morei",Fidelia.Morei3124917@email.io
5363486,"Fidelia Morei",Fidelia.Morei5363486@email.io
102425,"Fidelia Morei",
4160045,"Fidelia Morei",Fidelia.Morei4160045@email.io
46902,"Fidelia Morei",
Z5334040,"Fidelia Morei",
25591,"Fidelia Morei",Fidelia.Morei25591@email.io
400240,"Fidelia Morei",Fidelia.Morei400240@email.io
5757600,"Fidelia Morei",
401779,"Fidelia Morei",Fidelia.Morei401779@email.io
116615,"Fidelia Morei",Fidelia.Morei116615@email.io
2227564,"Fidelia Morei",Fidelia.Morei2227564@email.io
1233,"Fidelia Morei",Fidelia.Morei1233@email.io
298204,"Fidelia Morei",
15229530,"Fidelia Morei",
213303,"Fransisca Ant",Fransisca.Ant213303@email.io
100463,"Fransisca Ant",Fransisca.Ant100463@email.io
4134658,"Fransisca Ant",Fransisca.Ant4134658@email.io
1990396,"Fransisca Ant",Fransisca.Ant1990396@email.io
Z3551016,"Fransisca Ant",
W146,"Fransisca Ant",Fransisca.AntW146@email.io
264631,"Fransisca Ant",
3853071,"Fransisca Ant",Fransisca.Ant3853071@email.io
10755,"Fransisca Ant",
87938,"Fransisca Ant",Fransisca.Ant87938@email.io
4655973,"Fransisca Ant",Fransisca.Ant4655973@email.io
Z4478734,"Fransisca Ant",Fransisca.AntZ4478734@email.io
3260,"Fransisca Ant",Fransisca.Ant3260@email.io
5813,"Fransisca Ant",
9317575,"Fransisca Ant",Fransisca.Ant9317575@email.io
5099045,"Fransisca Ant",
2226955,"Fransisca Ant",
64108,"Fransisca Ant",Fransisca.Ant64108@email.io
4130427,"Fransisca Ant",Fransisca.Ant4130427@email.io
146110,"Fransisca Ant",Fransisca.Ant146110@email.io
96204,"Fransisca Ant",
12141,"Fransisca Ant",Fransisca.Ant12141@email.io
14245,"Fransisca Ant",
Z94885851,"Fransisca Ant",
76833,"Fransisca Ant",Fransisca.Ant76833@email.io
Z6972500,"Fransisca Ant",
86553,"Gertude Bath ",Gertude.Bath.86553@email.io
4877434,"Gertude Bath ",Gertude.Bath.4877434@email.io
272699,"Gertude Bath ",
6481,"Gertude Bath ",Gertude.Bath.6481@email.io
Z46572701,"Gertude Bath ",
2277256,"Gertude Bath ",Gertude.Bath.2277256@email.io
1217,"Gertude Bath ",Gertude.Bath.1217@email.io
Z27386551,"Gertude Bath ",Gertude.Bath.Z27386551@email.io
4642346,"Gertude Bath ",Gertude.Bath.4642346@email.io
Z2281200,"Gertude Bath ",
15203255,"Gertude Bath ",
38621,"Gertude Bath ",Gertude.Bath.38621@email.io
2420,"Gertude Bath ",Gertude.Bath.2420@email.io
Z7555603,"Gertude Bath ",Gertude.Bath.Z7555603@email.io
5442915,"Gertude Bath ",Gertude.Bath.5442915@email.io
2428,"Gertude Bath ",
401081,"Gertude Bath ",Gertude.Bath.401081@email.io
5443173,"Gertude Bath ",Gertude.Bath.5443173@email.io
Z7920130,"Gertude Bath ",
6976,"Gertude Bath ",
2244320,"Gertude Bath ",
3122116,"Gertude Bath ",Gertude.Bath.3122116@email.io
7231000,"Gertude Bath ",Gertude.Bath.7231000@email.io
82355,"Gertude Bath ",Gertude.Bath.82355@email.io
3468440,"Gertude Bath ",
11421,"Gertude Bath ",Gertude.Bath.11421@email.io
152439,"Gwen Dennisto",
Z76112,"Gwen Dennisto",Gwen.DennistoZ76112@email.io
5571984,"Gwen Dennisto",Gwen.Dennisto5571984@email.io
Z92945001,"Gwen Dennisto",Gwen.DennistoZ92945001@email.io
4117441,"Gwen Dennisto",
6499,"Gwen Dennisto",
Z8810149,"Gwen Dennisto",
51435,"Gwen Dennisto",
5602812,"Gwen Dennisto",Gwen.Dennisto5602812@email.io
57092,"Gwen Dennisto",Gwen.Dennisto57092@email.io
3981096,"Gwen Dennisto",Gwen.Dennisto3981096@email.io
6920,"Gwen Dennisto",
1756,"Gwen Dennisto",
4127736,"Gwen Dennisto",Gwen.Dennisto4127736@email.io
5202576,"Gwen Dennisto",
159932,"Gwen Dennisto",
4278,"Gwen Dennisto",
Z6014722,"Gwen Dennisto",
1267,"Gwen Dennisto",
4214771,"Gwen Dennisto",Gwen.Dennisto4214771@email.io
Z2983400,"Gwen Dennisto",
16084253,"Gwen Dennisto",
400160,"Gwen Dennisto",Gwen.Dennisto400160@email.io
9929330,"Gwen Dennisto",Gwen.Dennisto9929330@email.io
17343,"Gwen Dennisto",Gwen.Dennisto17343@email.io
8807C,"Gwen Dennisto",Gwen.Dennisto8807C@email.io
117260,"Hayley Brunga",
Z2830977,"Hayley Brunga",
86299,"Hayley Brunga",Hayley.Brunga86299@email.io
6327444,"Hayley Brunga",Hayley.Brunga6327444@email.io
4889836,"Hayley Brunga",
15268033,"Hayley Brunga",
1667,"Hayley Brunga",
Z4599064,"Hayley Brunga",Hayley.BrungaZ4599064@email.io
1095,"Hayley Brunga",
4174859,"Hayley Brunga",Hayley.Brunga4174859@email.io
1043797,"Hayley Brunga",Hayley.Brunga1043797@email.io
42748,"Hayley Brunga",Hayley.Brunga42748@email.io
3124209,"Hayley Brunga",Hayley.Brunga3124209@email.io
Z8756260,"Hayley Brunga",
Z7911215,"Hayley Brunga",Hayley.BrungaZ7911215@email.io
1966,"Hayley Brunga",
5163392,"Hayley Brunga",Hayley.Brunga5163392@email.io
5488,"Hayley Brunga",
8906789,"Hayley Brunga",Hayley.Brunga8906789@email.io
12493,"Hayley Brunga",Hayley.Brunga12493@email.io
149159,"Hayley Brunga",
4006050,"Hayley Brunga",
6255,"Hayley Brunga",
3430,"Hayley Brunga",
401696,"Hayley Brunga",Hayley.Brunga401696@email.io
Z5872585,"Hayley Brunga",
85592,"Hosea Soderbe",Hosea.Soderbe85592@email.io
Z35263741,"Hosea Soderbe",Hosea.SoderbeZ35263741@email.io
1629,"Hosea Soderbe",
3423179,"Hosea Soderbe",
4174696,"Hosea Soderbe",Hosea.Soderbe4174696@email.io
401725,"Hosea Soderbe",
5433368TO,"Hosea Soderbe",Hosea.Soderbe5433368TO@email.io
8755,"Hosea Soderbe",Hosea.Soderbe8755@email.io
4175655,"Hosea Soderbe",Hosea.Soderbe4175655@email.io
6596,"Hosea Soderbe",
Z3313805,"Hosea Soderbe",
177215,"Hosea Soderbe",Hosea.Soderbe177215@email.io
8180,"Hosea Soderbe",
5602814,"Hosea Soderbe",Hosea.Soderbe5602814@email.io
102884,"Hosea Soderbe",
228461,"Hosea Soderbe",
Z6479474,"Hosea Soderbe",
Z9393535,"Hosea Soderbe",Hosea.SoderbeZ9393535@email.io
4799,"Hosea Soderbe",
77850,"Hosea Soderbe",
Z9210261,"Hosea Soderbe",
189690,"Hosea Soderbe",
12744,"Hosea Soderbe",Hosea.Soderbe12744@email.io
5517192,"Hosea Soderbe",Hosea.Soderbe5517192@email.io
62816,"Hosea Soderbe",
4227000,"Hosea Soderbe",
Z94210091,"Isabella Hogg",
9674151,"Isabella Hogg",
5026728,"Isabella Hogg",
13659,"Isabella Hogg",
Z6813355,"Isabella Hogg",
137851,"Isabella Hogg",Isabella.Hogg137851@email.io
5343,"Isabella Hogg",
9974,"Isabella Hogg",
Z3441261,"Isabella Hogg",Isabella.HoggZ3441261@email.io
7868226TO,"Isabella Hogg",Isabella.Hogg7868226TO@email.io
581,"Isabella Hogg",Isabella.Hogg581@email.io
Z5642240,"Isabella Hogg",Isabella.HoggZ5642240@email.io
C0103,"Isabella Hogg",
52115,"Isabella Hogg",Isabella.Hogg52115@email.io
33548,"Isabella Hogg",Isabella.Hogg33548@email.io
12096,"Isabella Hogg",Isabella.Hogg12096@email.io
3124790,"Isabella Hogg",Isabella.Hogg3124790@email.io
85102,"Isabella Hogg",
5614158,"Isabella Hogg",Isabella.Hogg5614158@email.io
267339,"Isabella Hogg",
4176159,"Isabella Hogg",Isabella.Hogg4176159@email.io
4753464,"Isabella Hogg",Isabella.Hogg4753464@email.io
Z3475382,"Isabella Hogg",
253662,"Isabella Hogg",
24051,"Issac Ciesla ",
3121709,"Issac Ciesla ",Issac.Ciesla.3121709@email.io
2114,"Issac Ciesla ",
Z7837843,"Issac Ciesla ",
86560,"Issac Ciesla ",Issac.Ciesla.86560@email.io
Z2270100,"Issac Ciesla ",
172200,"Issac Ciesla ",Issac.Ciesla.172200@email.io
15195254,"Issac Ciesla ",
Z39555991,"Issac Ciesla ",Issac.Ciesla.Z39555991@email.io
1319710,"Issac Ciesla ",Issac.Ciesla.1319710@email.io
5418421,"Issac Ciesla ",Issac.Ciesla.5418421@email.io
4334465,"Issac Ciesla ",Issac.Ciesla.4334465@email.io
Z5223111,"Issac Ciesla ",Issac.Ciesla.Z5223111@email.io
400101,"Issac Ciesla ",Issac.Ciesla.400101@email.io
1257,"Issac Ciesla ",Issac.Ciesla.1257@email.io
98692,"Issac Ciesla ",
4154425,"Issac Ciesla ",Issac.Ciesla.4154425@email.io
6953,"Issac Ciesla ",
101285,"Issac Ciesla ",Issac.Ciesla.101285@email.io
267256,"Issac Ciesla ",
Z4631755,"Issac Ciesla ",
6722330,"Issac Ciesla ",Issac.Ciesla.6722330@email.io
3130253,"Issac Ciesla ",
4174614,"Issac Ciesla ",Issac.Ciesla.4174614@email.io
97633,"Issac Ciesla ",Issac.Ciesla.97633@email.io
7740446,"Janean Jumper",Janean.Jumper7740446@email.io
10482,"Janean Jumper",
400181,"Janean Jumper",Janean.Jumper400181@email.io
57073,"Janean Jumper",Janean.Jumper57073@email.io
264439,"Janean Jumper",
12466,"Janean Jumper",Janean.Jumper12466@email.io
3563268,"Janean Jumper",Janean.Jumper3563268@email.io
217042,"Janean Jumper",Janean.Jumper217042@email.io
5742,"Janean Jumper",
Z6918648,"Janean Jumper",
7328702,"Janean Jumper",Janean.Jumper7328702@email.io
4818674,"Janean Jumper",Janean.Jumper4818674@email.io
69573,"Janean Jumper",Janean.Jumper69573@email.io
2226838,"Janean Jumper",
94840,"Janean Jumper",
Z9481717,"Janean Jumper",
156243,"Janean Jumper",Janean.Jumper156243@email.io
5042969,"Janean Jumper",
14229,"Janean Jumper",
9517,"Janean Jumper",Janean.Jumper9517@email.io
43590,"Janean Jumper",Janean.Jumper43590@email.io
Z2823591,"Janean Jumper",Janean.JumperZ2823591@email.io
Z3518975,"Janean Jumper",
Z4499162,"Janean Jumper",Janean.JumperZ4499162@email.io
4288439,"Janean Jumper",Janean.Jumper4288439@email.io
5649039,"Janean Jumper",Janean.Jumper5649039@email.io
37164,"Janessa Crost",Janessa.Crost37164@email.io
9952479,"Janessa Crost",
Z9439600,"Janessa Crost",
85708,"Janessa Crost",
4145419,"Janessa Crost",Janessa.Crost4145419@email.io
10231,"Janessa Crost",Janessa.Crost10231@email.io
Z3490415,"Janessa Crost",
86878,"Janessa Crost",Janessa.Crost86878@email.io
1122882,"Janessa Crost",Janessa.Crost1122882@email.io
5028039,"Janessa Crost",
14154,"Janessa Crost",
5405,"Janessa Crost",
115966,"Janessa Crost",Janessa.Crost115966@email.io
4507195,"Janessa Crost",Janessa.Crost4507195@email.io
308298,"Janessa Crost",
1669965,"Janessa Crost",
4366935,"Janessa Crost",Janessa.Crost4366935@email.io
202690,"Janessa Crost",Janessa.Crost202690@email.io
2831533,"Janessa Crost",Janessa.Crost2831533@email.io
Z2977933,"Janessa Crost",Janessa.CrostZ2977933@email.io
262765,"Janessa Crost",
94847,"Janessa Crost",Janessa.Crost94847@email.io
102298,"Janessa Crost",Janessa.Crost102298@email.io
3624479,"Janessa Crost",Janessa.Crost3624479@email.io
Z6890141,"Janessa Crost",
Z2422111,"Janessa Crost",Janessa.CrostZ2422111@email.io
Z3423332,"Joselyn Lovin",Joselyn.LovinZ3423332@email.io
Z4267204,"Joselyn Lovin",Joselyn.LovinZ4267204@email.io
6729,"Joselyn Lovin",
Z4511646,"Joselyn Lovin",
3128918,"Joselyn Lovin",
1665005,"Joselyn Lovin",Joselyn.Lovin1665005@email.io
97810,"Joselyn Lovin",
1068,"Joselyn Lovin",Joselyn.Lovin1068@email.io
6759955,"Joselyn Lovin",Joselyn.Lovin6759955@email.io
148128,"Joselyn Lovin",
258421,"Joselyn Lovin",
44594,"Joselyn Lovin",Joselyn.Lovin44594@email.io
83985,"Joselyn Lovin",Joselyn.Lovin83985@email.io
6257400,"Joselyn Lovin",Joselyn.Lovin6257400@email.io
4181195,"Joselyn Lovin",Joselyn.Lovin4181195@email.io
169849,"Joselyn Lovin",Joselyn.Lovin169849@email.io
15168834,"Joselyn Lovin",
211905,"Joselyn Lovin",Joselyn.Lovin211905@email.io
1977,"Joselyn Lovin",
Z7800404,"Joselyn Lovin",
Z2143414,"Joselyn Lovin",
171443,"Joselyn Lovin",Joselyn.Lovin171443@email.io
4172280,"Joselyn Lovin",Joselyn.Lovin4172280@email.io
3432,"Joselyn Lovin",Joselyn.Lovin3432@email.io
226351,"Joselyn Lovin",
241575,"Julianne Slam",
102896,"Julianne Slam",
9912,"Julianne Slam",
86861,"Julianne Slam",Julianne.Slam86861@email.io
77201,"Julianne Slam",
12849,"Julianne Slam",Julianne.Slam12849@email.io
100639,"Julianne Slam",Julianne.Slam100639@email.io
Z78903301,"Julianne Slam",Julianne.SlamZ78903301@email.io
9047,"Julianne Slam",
6501,"Julianne Slam",Julianne.Slam6501@email.io
401327C,"Julianne Slam",
10361,"Julianne Slam",
Z6642575,"Julianne Slam",
Z93861621,"Julianne Slam",
Z3458080,"Julianne Slam",
284517,"Julianne Slam",
4969,"Julianne Slam",
4175849,"Julianne Slam",Julianne.Slam4175849@email.io
188396,"Julianne Slam",
7230986,"Julianne Slam",
Z9668900,"Julianne Slam",Julianne.SlamZ9668900@email.io
5281457,"Julianne Slam",Julianne.Slam5281457@email.io
4919364,"Julianne Slam",Julianne.Slam4919364@email.io
4874013,"Julianne Slam",
4713378,"Julianne Slam",Julianne.Slam4713378@email.io
1641620,"Julianne Slam",Julianne.Slam1641620@email.io
39731,"Kasi Kowalczy",
3123268,"Kasi Kowalczy",
14254,"Kasi Kowalczy",Kasi.Kowalczy14254@email.io
106856,"Kasi Kowalczy",Kasi.Kowalczy106856@email.io
3843747,"Kasi Kowalczy",Kasi.Kowalczy3843747@email.io
6197,"Kasi Kowalczy",
166248,"Kasi Kowalczy",
69079,"Kasi Kowalczy",
Z9641212,"Kasi Kowalczy",Kasi.KowalczyZ9641212@email.io
1437805,"Kasi Kowalczy",
Z73720,"Kasi Kowalczy",
21271,"Kasi Kowalczy",Kasi.Kowalczy21271@email.io
4175702,"Kasi Kowalczy",Kasi.Kowalczy4175702@email.io
18385,"Kasi Kowalczy",
416844,"Kasi Kowalczy",
4596,"Kasi Kowalczy",Kasi.Kowalczy4596@email.io
116356,"Kasi Kowalczy",Kasi.Kowalczy116356@email.io
4143758,"Kasi Kowalczy",Kasi.Kowalczy4143758@email.io
5323461,"Kasi Kowalczy",Kasi.Kowalczy5323461@email.io
Z3904444,"Kasi Kowalczy",
1089,"Kasi Kowalczy",
2832008,"Kasi Kowalczy",Kasi.Kowalczy2832008@email.io
5848396,"Kasi Kowalczy",
86541,"Kasi Kowalczy",Kasi.Kowalczy86541@email.io
1367189,"Kasi Kowalczy",Kasi.Kowalczy1367189@email.io
Z73239021,"Kirsten Acebe",Kirsten.AcebeZ73239021@email.io
114976,"Kirsten Acebe",Kirsten.Acebe114976@email.io
2219611,"Kirsten Acebe",
147329,"Kirsten Acebe",
4124798,"Kirsten Acebe",Kirsten.Acebe4124798@email.io
5717161,"Kirsten Acebe",Kirsten.Acebe5717161@email.io
2849699,"Kirsten Acebe",Kirsten.Acebe2849699@email.io
12031,"Kirsten Acebe",
92683,"Kirsten Acebe",
400932,"Kirsten Acebe",Kirsten.Acebe400932@email.io
1221,"Kirsten Acebe",
Z4294747,"Kirsten Acebe",
Z4861144,"Kirsten Acebe",Kirsten.AcebeZ4861144@email.io
7478420,"Kirsten Acebe",
8222208,"Kirsten Acebe",Kirsten.Acebe8222208@email.io
27626,"Kirsten Acebe",Kirsten.Acebe27626@email.io
90595,"Kirsten Acebe",
3125376,"Kirsten Acebe",
223013,"Kirsten Acebe",
53061,"Kirsten Acebe",Kirsten.Acebe53061@email.io
4144636,"Kirsten Acebe",Kirsten.Acebe4144636@email.io
Z7571933,"Kirsten Acebe",
1281,"Kirsten Acebe",Kirsten.Acebe1281@email.io
6067,"Kirsten Acebe",
4805,"Kirsten Acebe",Kirsten.Acebe4805@email.io
95322,"Kirsten Acebe",
Z9810063,"Lakita Gieble",Lakita.GiebleZ9810063@email.io
1286,"Lakita Gieble",
6272,"Lakita Gieble",
Z44333631,"Lakita Gieble",
43873,"Lakita Gieble",Lakita.Gieble43873@email.io
7747376,"Lakita Gieble",
96455,"Lakita Gieble",
4172676,"Lakita Gieble",Lakita.Gieble4172676@email.io
15065900,"Lakita Gieble",
124500,"Lakita Gieble",
198763,"Lakita Gieble",
Z7752117,"Lakita Gieble",
4172791,"Lakita Gieble",Lakita.Gieble4172791@email.io
Z101095,"Lakita Gieble",
124890,"Lakita Gieble",Lakita.Gieble124890@email.io
246941,"Lakita Gieble",
43336,"Lakita Gieble",Lakita.Gieble43336@email.io
1790,"Lakita Gieble",Lakita.Gieble1790@email.io
Z6722330,"Lakita Gieble",Lakita.GiebleZ6722330@email.io
3126030,"Lakita Gieble",
4580501,"Lakita Gieble",Lakita.Gieble4580501@email.io
121713,"Lakita Gieble",
47810,"Lakita Gieble",Lakita.Gieble47810@email.io
86185,"Lakita Gieble",Lakita.Gieble86185@email.io
6724690,"Lakita Gieble",Lakita.Gieble6724690@email.io
1025,"Lakita Gieble",Lakita.Gieble1025@email.io
3150513,"Lauran Altsch",Lauran.Altsch3150513@email.io
Z6891511,"Lauran Altsch",
190065,"Lauran Altsch",Lauran.Altsch190065@email.io
2137945,"Lauran Altsch",
7532457,"Lauran Altsch",Lauran.Altsch7532457@email.io
177000,"Lauran Altsch",Lauran.Altsch177000@email.io
Z6979616,"Lauran Altsch",Lauran.AltschZ6979616@email.io
8158,"Lauran Altsch",Lauran.Altsch8158@email.io
6305,"Lauran Altsch",
Z9456600,"Lauran Altsch",
14571,"Lauran Altsch",Lauran.Altsch14571@email.io
7761,"Lauran Altsch",Lauran.Altsch7761@email.io
Z3495533,"Lauran Altsch",
5042967,"Lauran Altsch",
14209,"Lauran Altsch",
102499,"Lauran Altsch",Lauran.Altsch102499@email.io
1553284,"Lauran Altsch",Lauran.Altsch1553284@email.io
Z2808553,"Lauran Altsch",Lauran.AltschZ2808553@email.io
7504550,"Lauran Altsch",Lauran.Altsch7504550@email.io
4750981,"Lauran Altsch",Lauran.Altsch4750981@email.io
5565,"Lauran Altsch",
2602C,"Lauran Altsch",Lauran.Altsch2602C@email.io
263493,"Lauran Altsch",
206764,"Lauran Altsch",Lauran.Altsch206764@email.io
92176,"Lauran Altsch",
43830,"Lauran Altsch",Lauran.Altsch43830@email.io
Z8761600,"Liz Vo  ",Liz.Vo. Z8761600@email.io
1254131,"Liz Vo  ",
196721,"Liz Vo  ",Liz.Vo. 196721@email.io
4688385,"Liz Vo  ",Liz.Vo. 4688385@email.io
14458,"Liz Vo  ",Liz.Vo. 14458@email.io
3528,"Liz Vo  ",Liz.Vo. 3528@email.io
3426550,"Liz Vo  ",
2277738,"Liz Vo  ",
63650,"Liz Vo  ",
5136735,"Liz Vo  ",
47435,"Liz Vo  ",Liz.Vo. 47435@email.io
4162577,"Liz Vo  ",Liz.Vo. 4162577@email.io
15335,"Liz Vo  ",
156165,"Liz Vo  ",
Z9841511,"Liz Vo  ",
57355,"Liz Vo  ",Liz.Vo. 57355@email.io
5994,"Liz Vo  ",
1133281,"Liz Vo  ",
2869998,"Liz Vo  ",Liz.Vo. 2869998@email.io
Z6927776,"Liz Vo  ",Liz.Vo. Z6927776@email.io
87057,"Liz Vo  ",Liz.Vo. 87057@email.io
Z3610084,"Liz Vo  ",
50845,"Liz Vo  ",Liz.Vo. 50845@email.io
436915,"Liz Vo  ",Liz.Vo. 436915@email.io
Z7236071,"Liz Vo  ",
3124864,"Liz Vo  ",Liz.Vo. 3124864@email.io
4500,"Lynette Bettc",
5796187,"Lynette Bettc",
4159034,"Lynette Bettc",Lynette.Bettc4159034@email.io
4201,"Lynette Bettc",
16266493,"Lynette Bettc",
7613,"Lynette Bettc",
Z6414066,"Lynette Bettc",Lynette.BettcZ6414066@email.io
5935010,"Lynette Bettc",Lynette.Bettc5935010@email.io
Z30176,"Lynette Bettc",
47432,"Lynette Bettc",Lynette.Bettc47432@email.io
3,"Lynette Bettc",
163596,"Lynette Bettc",
5202497,"Lynette Bettc",Lynette.Bettc5202497@email.io
1333,"Lynette Bettc",
129401,"Lynette Bettc",Lynette.Bettc129401@email.io
Z9641400,"Lynette Bettc",Lynette.BettcZ9641400@email.io
54043,"Lynette Bettc",
Z8844613,"Lynette Bettc",
Z6270059,"Lynette Bettc",
4833870,"Lynette Bettc",Lynette.Bettc4833870@email.io
17329,"Lynette Bettc",
4148571,"Lynette Bettc",
141252,"Lynette Bettc",Lynette.Bettc141252@email.io
1118904,"Lynette Bettc",Lynette.Bettc1118904@email.io
6532,"Lynette Bettc",
400397,"Lynette Bettc",Lynette.Bettc400397@email.io
Z7673638,"Madelaine Abl",
5618030,"Madelaine Abl",Madelaine.Abl5618030@email.io
Z3269017,"Madelaine Abl",Madelaine.AblZ3269017@email.io
5179806,"Madelaine Abl",Madelaine.Abl5179806@email.io
4164874,"Madelaine Abl",Madelaine.Abl4164874@email.io
16038,"Madelaine Abl",Madelaine.Abl16038@email.io
Z76820071,"Madelaine Abl",Madelaine.AblZ76820071@email.io
245907,"Madelaine Abl",
95606,"Madelaine Abl",
164141,"Madelaine Abl",
6240,"Madelaine Abl",
3126005,"Madelaine Abl",
39500,"Madelaine Abl",Madelaine.Abl39500@email.io
1053,"Madelaine Abl",Madelaine.Abl1053@email.io
1098,"Madelaine Abl",Madelaine.Abl1098@email.io
8228810,"Madelaine Abl",Madelaine.Abl8228810@email.io
110586,"Madelaine Abl",
1231,"Madelaine Abl",
26075,"Madelaine Abl",
9414136,"Madelaine Abl",Madelaine.Abl9414136@email.io
7655773,"Madelaine Abl",
Z7323902,"Madelaine Abl",Madelaine.AblZ7323902@email.io
2279118,"Madelaine Abl",
85915,"Madelaine Abl",Madelaine.Abl85915@email.io
Z4412786,"Madelaine Abl",
59816,"Nelle Daughtr",Nelle.Daughtr59816@email.io
19526,"Nelle Daughtr",
400575,"Nelle Daughtr",Nelle.Daughtr400575@email.io
Z5212277,"Nelle Daughtr",
Z5749133,"Nelle Daughtr",Nelle.DaughtrZ5749133@email.io
120332,"Nelle Daughtr",Nelle.Daughtr120332@email.io
422,"Nelle Daughtr",Nelle.Daughtr422@email.io
5055915,"Nelle Daughtr",
3259,"Nelle Daughtr",
1434,"Nelle Daughtr",Nelle.Daughtr1434@email.io
3569393,"Nelle Daughtr",
Z8240113,"Nelle Daughtr",Nelle.DaughtrZ8240113@email.io
3129025,"Nelle Daughtr",Nelle.Daughtr3129025@email.io
4661186,"Nelle Daughtr",Nelle.Daughtr4661186@email.io
Z23708331,"Nelle Daughtr",
295678,"Nelle Daughtr",
15228633,"Nelle Daughtr",
4163170,"Nelle Daughtr",Nelle.Daughtr4163170@email.io
15469,"Nelle Daughtr",Nelle.Daughtr15469@email.io
551462,"Nelle Daughtr",
Z8275600,"Nelle Daughtr",
3121378,"Nelle Daughtr",Nelle.Daughtr3121378@email.io
3920509,"Nelle Daughtr",
4124139,"Nelle Daughtr",Nelle.Daughtr4124139@email.io
400783,"Nelle Daughtr",Nelle.Daughtr400783@email.io
5329898,"Neoma Gerhard",Neoma.Gerhard5329898@email.io
8702,"Neoma Gerhard",
10165,"Neoma Gerhard",
Z65982151,"Neoma Gerhard",
Z25482821,"Neoma Gerhard",Neoma.GerhardZ25482821@email.io
6725525,"Neoma Gerhard",
Z3432575,"Neoma Gerhard",
2227905,"Neoma Gerhard",Neoma.Gerhard2227905@email.io
401327A,"Neoma Gerhard",
87897,"Neoma Gerhard",Neoma.Gerhard87897@email.io
Z9384211,"Neoma Gerhard",
4180810,"Neoma Gerhard",Neoma.Gerhard4180810@email.io
12866,"Neoma Gerhard",Neoma.Gerhard12866@email.io
100708,"Neoma Gerhard",Neoma.Gerhard100708@email.io
4945,"Neoma Gerhard",
265318,"Neoma Gerhard",
102701,"Neoma Gerhard",Neoma.Gerhard102701@email.io
194774,"Neoma Gerhard",Neoma.Gerhard194774@email.io
71176,"Neoma Gerhard",
Z9484835,"Neoma Gerhard",Neoma.GerhardZ9484835@email.io
4705598,"Neoma Gerhard",
1087500,"Neoma Gerhard",Neoma.Gerhard1087500@email.io
239749,"Neoma Gerhard",
102895,"Neoma Gerhard",
113003,"Neoma Gerhard",
1802,"Neoma Gerhard",
390,"Neomi Ashbaug",
65346,"Neomi Ashbaug",
102655,"Neomi Ashbaug",
7920300,"Neomi Ashbaug",
Z8428421,"Neomi Ashbaug",
83945,"Neomi Ashbaug",
Z5629400,"Neomi Ashbaug",
8467180,"Neomi Ashbaug",
4804428,"Neomi Ashbaug",Neomi.Ashbaug4804428@email.io
Z2585297,"Neomi Ashbaug",
2092178,"Neomi Ashbaug",Neomi.Ashbaug2092178@email.io
1256,"Neomi Ashbaug",
Z3672680,"Neomi Ashbaug",Neomi.AshbaugZ3672680@email.io
6209,"Neomi Ashbaug",
4250290,"Neomi Ashbaug",
181441,"Neomi Ashbaug",Neomi.Ashbaug181441@email.io
204997,"Neomi Ashbaug",Neomi.Ashbaug204997@email.io
4166039,"Neomi Ashbaug",Neomi.Ashbaug4166039@email.io
Z6388133,"Neomi Ashbaug",Neomi.AshbaugZ6388133@email.io
174818,"Neomi Ashbaug",Neomi.Ashbaug174818@email.io
7528220,"Neomi Ashbaug",Neomi.Ashbaug7528220@email.io
4182,"Neomi Ashbaug",
15256205,"Neomi Ashbaug",
5400191,"Neomi Ashbaug",
401792,"Neomi Ashbaug",Neomi.Ashbaug401792@email.io
1479,"Neomi Ashbaug",Neomi.Ashbaug1479@email.io
1211,"Oswaldo Klein",
4117156,"Oswaldo Klein",
1745,"Oswaldo Klein",
6539577,"Oswaldo Klein",Oswaldo.Klein6539577@email.io
Z7528019,"Oswaldo Klein",Oswaldo.KleinZ7528019@email.io
16426,"Oswaldo Klein",Oswaldo.Klein16426@email.io
158845,"Oswaldo Klein",
Z2966331,"Oswaldo Klein",
4273,"Oswaldo Klein",
8596440,"Oswaldo Klein",Oswaldo.Klein8596440@email.io
4108291,"Oswaldo Klein",Oswaldo.Klein4108291@email.io
6355,"Oswaldo Klein",
Z5952980,"Oswaldo Klein",
120739,"Oswaldo Klein",
15274242,"Oswaldo Klein",
88079,"Oswaldo Klein",Oswaldo.Klein88079@email.io
400109,"Oswaldo Klein",Oswaldo.Klein400109@email.io
102785,"Oswaldo Klein",Oswaldo.Klein102785@email.io
6414,"Oswaldo Klein",
5100859,"Oswaldo Klein",Oswaldo.Klein5100859@email.io
Z8757544,"Oswaldo Klein",
47290,"Oswaldo Klein",
2118604,"Oswaldo Klein",Oswaldo.Klein2118604@email.io
5043428,"Oswaldo Klein",
5284004,"Oswaldo Klein",Oswaldo.Klein5284004@email.io
Z7502400,"Oswaldo Klein",Oswaldo.KleinZ7502400@email.io
6139,"Rachele Nazar",
3162,"Rachele Nazar",
3123867,"Rachele Nazar",Rachele.Nazar3123867@email.io
Z46932851,"Rachele Nazar",
2454949,"Rachele Nazar",
4124903,"Rachele Nazar",Rachele.Nazar4124903@email.io
277279,"Rachele Nazar",
400199,"Rachele Nazar",Rachele.Nazar400199@email.io
2278247,"Rachele Nazar",Rachele.Nazar2278247@email.io
4002359,"Rachele Nazar",Rachele.Nazar4002359@email.io
Z7221066,"Rachele Nazar",Rachele.NazarZ7221066@email.io
400939,"Rachele Nazar",Rachele.Nazar400939@email.io
218030,"Rachele Nazar",Rachele.Nazar218030@email.io
3871080,"Rachele Nazar",Rachele.Nazar3871080@email.io
Z2326140,"Rachele Nazar",
6216,"Rachele Nazar",Rachele.Nazar6216@email.io
15220141,"Rachele Nazar",
707,"Rachele Nazar",Rachele.Nazar707@email.io
3589647,"Rachele Nazar",
535521,"Rachele Nazar",
1547,"Rachele Nazar",Rachele.Nazar1547@email.io
1019,"Rachele Nazar",
103186,"Rachele Nazar",Rachele.Nazar103186@email.io
4114138,"Rachele Nazar",Rachele.Nazar4114138@email.io
Z4654300,"Rachele Nazar",Rachele.NazarZ4654300@email.io
Z7937344,"Rachele Nazar",
Z2263291,"Raisa Virgen ",
6853,"Raisa Virgen ",
3210032,"Raisa Virgen ",Raisa.Virgen.3210032@email.io
Z76311491,"Raisa Virgen ",Raisa.Virgen.Z76311491@email.io
4106646,"Raisa Virgen ",Raisa.Virgen.4106646@email.io
115301,"Raisa Virgen ",Raisa.Virgen.115301@email.io
85944,"Raisa Virgen ",Raisa.Virgen.85944@email.io
1000,"Raisa Virgen ",Raisa.Virgen.1000@email.io
98061,"Raisa Virgen ",
7824217,"Raisa Virgen ",Raisa.Virgen.7824217@email.io
2242435,"Raisa Virgen ",Raisa.Virgen.2242435@email.io
5838758,"Raisa Virgen ",Raisa.Virgen.5838758@email.io
96489,"Raisa Virgen ",Raisa.Virgen.96489@email.io
3121990,"Raisa Virgen ",Raisa.Virgen.3121990@email.io
Z4631186,"Raisa Virgen ",
260477,"Raisa Virgen ",
1448,"Raisa Virgen ",Raisa.Virgen.1448@email.io
3129365,"Raisa Virgen ",
Z6969777,"Raisa Virgen ",Raisa.Virgen.Z6969777@email.io
15177631,"Raisa Virgen ",
87122,"Raisa Virgen ",Raisa.Virgen.87122@email.io
2006,"Raisa Virgen ",
4166062,"Raisa Virgen ",Raisa.Virgen.4166062@email.io
55219,"Raisa Virgen ",Raisa.Virgen.55219@email.io
Z7834800,"Raisa Virgen ",
102403,"Reynalda Jury",
5126989,"Reynalda Jury",
2227870,"Reynalda Jury",
Z9550606,"Reynalda Jury",
Z3480202,"Reynalda Jury",Reynalda.JuryZ3480202@email.io
18177,"Reynalda Jury",Reynalda.Jury18177@email.io;Reynalda.Jury18177@email.ninja
25509,"Reynalda Jury",Reynalda.Jury25509@email.io
276734,"Reynalda Jury",
2148087,"Reynalda Jury",Reynalda.Jury2148087@email.io
401462,"Reynalda Jury",Reynalda.Jury401462@email.io
445831,"Reynalda Jury",Reynalda.Jury445831@email.io
Z7081000,"Reynalda Jury",
Z5759000,"Reynalda Jury",Reynalda.JuryZ5759000@email.io
1134,"Reynalda Jury",Reynalda.Jury1134@email.io
Z3581248,"Reynalda Jury",
4139243,"Reynalda Jury",Reynalda.Jury4139243@email.io
5662121,"Reynalda Jury",Reynalda.Jury5662121@email.io
110401,"Reynalda Jury",
10775,"Reynalda Jury",
14594,"Reynalda Jury",
5611111,"Reynalda Jury",Reynalda.Jury5611111@email.io
102631,"Reynalda Jury",Reynalda.Jury102631@email.io
5817,"Reynalda Jury",
39682,"Reynalda Jury",Reynalda.Jury39682@email.io
150174,"Reynalda Jury",Reynalda.Jury150174@email.io
175235,"Reynalda Jury",Reynalda.Jury175235@email.io
4164233,"Rolando Kibbe",Rolando.Kibbe4164233@email.io
9210146,"Rolando Kibbe",Rolando.Kibbe9210146@email.io
442137,"Rolando Kibbe",Rolando.Kibbe442137@email.io
5853,"Rolando Kibbe",
Z3763535,"Rolando Kibbe",Rolando.KibbeZ3763535@email.io
14795,"Rolando Kibbe",
2238965,"Rolando Kibbe",
5127586,"Rolando Kibbe",
19873,"Rolando Kibbe",Rolando.Kibbe19873@email.io
56066,"Rolando Kibbe",Rolando.Kibbe56066@email.io
4691976,"Rolando Kibbe",Rolando.Kibbe4691976@email.io
51840,"Rolando Kibbe",Rolando.Kibbe51840@email.io
169276,"Rolando Kibbe",Rolando.Kibbe169276@email.io
148388,"Rolando Kibbe",
85886,"Rolando Kibbe",Rolando.Kibbe85886@email.io
9064,"Rolando Kibbe",Rolando.Kibbe9064@email.io
5644689,"Rolando Kibbe",Rolando.Kibbe5644689@email.io
1049676,"Rolando Kibbe",
Z3610008,"Rolando Kibbe",
50749,"Rolando Kibbe",Rolando.Kibbe50749@email.io
Z7229818,"Rolando Kibbe",
10789,"Rolando Kibbe",
Z4340676,"Rolando Kibbe",Rolando.KibbeZ4340676@email.io
Z9756501,"Rolando Kibbe",
1241872,"Rolando Kibbe",
2246960,"Rolando Kibbe",
Z3626000,"Rubie Tillery",Rubie.TilleryZ3626000@email.io
4642320,"Rubie Tillery",
401795,"Rubie Tillery",
62838,"Rubie Tillery",
400824,"Rubie Tillery",Rubie.Tillery400824@email.io
59831,"Rubie Tillery",Rubie.Tillery59831@email.io
4940,"Rubie Tillery",
3125774,"Rubie Tillery",Rubie.Tillery3125774@email.io
5623862,"Rubie Tillery",Rubie.Tillery5623862@email.io
239181,"Rubie Tillery",
12488,"Rubie Tillery",Rubie.Tillery12488@email.io
Z3315100,"Rubie Tillery",
3455211,"Rubie Tillery",
Z2533600,"Rubie Tillery",Rubie.TilleryZ2533600@email.io
102887,"Rubie Tillery",
4111582,"Rubie Tillery",Rubie.Tillery4111582@email.io
6615,"Rubie Tillery",
229691,"Rubie Tillery",
4175038,"Rubie Tillery",Rubie.Tillery4175038@email.io
91015,"Rubie Tillery",
8565,"Rubie Tillery",
5329413,"Rubie Tillery",Rubie.Tillery5329413@email.io
Z6544212,"Rubie Tillery",
6258,"Rubie Tillery",Rubie.Tillery6258@email.io
Z9289292,"Rubie Tillery",
1394,"Sebastian Bro",
4303790,"Sebastian Bro",
1825,"Sebastian Bro",Sebastian.Bro1825@email.io
9273201,"Sebastian Bro",
Z83216601,"Sebastian Bro",Sebastian.BroZ83216601@email.io
15260299,"Sebastian Bro",
5649518,"Sebastian Bro",
Z8544888,"Sebastian Bro",
7555957,"Sebastian Bro",Sebastian.Bro7555957@email.io
Z2663100,"Sebastian Bro",
9881515,"Sebastian Bro",
84735,"Sebastian Bro",
2242441,"Sebastian Bro",Sebastian.Bro2242441@email.io
4162583,"Sebastian Bro",Sebastian.Bro4162583@email.io
Z5649202,"Sebastian Bro",
8493,"Sebastian Bro",Sebastian.Bro8493@email.io
86117,"Sebastian Bro",
86507VAN,"Sebastian Bro",Sebastian.Bro86507VAN@email.io
4618,"Sebastian Bro",
6221,"Sebastian Bro",
400718,"Sebastian Bro",Sebastian.Bro400718@email.io
Z56610201,"Sebastian Bro",Sebastian.BroZ56610201@email.io
2238030,"Sebastian Bro",Sebastian.Bro2238030@email.io
102792,"Sebastian Bro",
26400,"Sebastian Bro",Sebastian.Bro26400@email.io
908,"Sebastian Bro",
158337,"Tamesha Lubin",
171481,"Tamesha Lubin",Tamesha.Lubin171481@email.io
5152,"Tamesha Lubin",Tamesha.Lubin5152@email.io
47425,"Tamesha Lubin",Tamesha.Lubin47425@email.io
46445,"Tamesha Lubin",Tamesha.Lubin46445@email.io
158742,"Tamesha Lubin",Tamesha.Lubin158742@email.io
4691975,"Tamesha Lubin",Tamesha.Lubin4691975@email.io
Z7291219,"Tamesha Lubin",
208184,"Tamesha Lubin",Tamesha.Lubin208184@email.io
Z91670001,"Tamesha Lubin",Tamesha.LubinZ91670001@email.io
4165166,"Tamesha Lubin",Tamesha.Lubin4165166@email.io
6101,"Tamesha Lubin",
81052,"Tamesha Lubin",Tamesha.Lubin81052@email.io
Z9979263,"Tamesha Lubin",""
Z37033901,"Tamesha Lubin",
2235332,"Tamesha Lubin",Tamesha.Lubin2235332@email.io
1364869,"Tamesha Lubin",
18966,"Tamesha Lubin",
Z6522670,"Tamesha Lubin",Tamesha.LubinZ6522670@email.io
3119687,"Tamesha Lubin",
1779974,"Tamesha Lubin",
4173894,"Tamesha Lubin",
8938543,"Tamesha Lubin",Tamesha.Lubin8938543@email.io
387384,"Tamesha Lubin",
161839,"Tamesha Lubin",Tamesha.Lubin161839@email.io
5175396,"Tamesha Lubin",
1393383,"Tisa Batista ",
15181603,"Tisa Batista ",Tisa.Batista.15181603@email.io
72183,"Tisa Batista ",Tisa.Batista.72183@email.io
137115,"Tisa Batista ",Tisa.Batista.137115@email.io
4550891,"Tisa Batista ",Tisa.Batista.4550891@email.io
P990,"Tisa Batista ",
390071,"Tisa Batista ",
127774,"Tisa Batista ",Tisa.Batista.127774@email.io
Z5884633,"Tisa Batista ",Tisa.Batista.Z5884633@email.io
5822633,"Tisa Batista ",
3121719,"Tisa Batista ",
5958959,"Tisa Batista ",Tisa.Batista.5958959@email.io
446445,"Tisa Batista ",Tisa.Batista.446445@email.io
Z7300220,"Tisa Batista ",
4691967,"Tisa Batista ",Tisa.Batista.4691967@email.io
6115,"Tisa Batista ",
4424566,"Tisa Batista ",
160058,"Tisa Batista ",
Z3750018,"Tisa Batista ",
Z8378724,"Tisa Batista ",Tisa.Batista.Z8378724@email.io
4121147,"Tisa Batista ",Tisa.Batista.4121147@email.io
781,"Tisa Batista ",
400353,"Tisa Batista ",Tisa.Batista.400353@email.io
21525,"Tisa Batista ",
1060,"Tisa Batista ",
47813,"Tisa Batista ",Tisa.Batista.47813@email.io
Z6358333,"Yanira Vervil",Yanira.VervilZ6358333@email.io
4177249,"Yanira Vervil",Yanira.Vervil4177249@email.io
5054555,"Yanira Vervil",Yanira.Vervil5054555@email.io
Z2734000,"Yanira Vervil",Yanira.VervilZ2734000@email.io
9500C,"Yanira Vervil",
18192,"Yanira Vervil",Yanira.Vervil18192@email.io
APB,"Yanira Vervil",
7452300,"Yanira Vervil",
5369006,"Yanira Vervil",Yanira.Vervil5369006@email.io
59835,"Yanira Vervil",Yanira.Vervil59835@email.io
4746767,"Yanira Vervil",Yanira.Vervil4746767@email.io
401684,"Yanira Vervil",Yanira.Vervil401684@email.io
10381,"Yanira Vervil",
81473,"Yanira Vervil",
1159226,"Yanira Vervil",
Z3461749,"Yanira Vervil",
54764,"Yanira Vervil",Yanira.Vervil54764@email.io;otherPerson@email.com
247406,"Yanira Vervil",
5038,"Yanira Vervil",
Z6767400,"Yanira Vervil",
Z9395444,"Yanira Vervil",
233892,"Yanira Vervil",
10154,"Yanira Vervil",Yanira.Vervil10154@email.io
7892366,"Yanira Vervil",Yanira.Vervil7892366@email.io
9777,"Yanira Vervil",
4967222,"Yanira Vervil",
401126,"Yuri Jaqua  ",Yuri.Jaqua. 401126@email.io
85927,"Yuri Jaqua  ",Yuri.Jaqua. 85927@email.io
254274,"Yuri Jaqua  ",
1400,"Yuri Jaqua  ",
1040,"Yuri Jaqua  ",Yuri.Jaqua. 1040@email.io
4247307,"Yuri Jaqua  ",Yuri.Jaqua. 4247307@email.io
4153303,"Yuri Jaqua  ",Yuri.Jaqua. 4153303@email.io
4691965,"Yuri Jaqua  ",Yuri.Jaqua. 4691965@email.io
15106107,"Yuri Jaqua  ",
6603,"Yuri Jaqua  ",
211688,"Yuri Jaqua  ",
15235713,"Yuri Jaqua  ",Yuri.Jaqua. 15235713@email.io
Z7794144,"Yuri Jaqua  ",
96723,"Yuri Jaqua  ",
47514,"Yuri Jaqua  ",Yuri.Jaqua. 47514@email.io
2528485,"Yuri Jaqua  ",Yuri.Jaqua. 2528485@email.io
Z2089100,"Yuri Jaqua  ",
Z4142530,"Yuri Jaqua  ",Yuri.Jaqua. Z4142530@email.io
129676,"Yuri Jaqua  ",
Z85670701,"Yuri Jaqua  ",Yuri.Jaqua. Z85670701@email.io
Z4496050,"Yuri Jaqua  ",
1708,"Yuri Jaqua  ",Yuri.Jaqua. 1708@email.io
5698869,"Yuri Jaqua  ",Yuri.Jaqua. 5698869@email.io
3128902,"Yuri Jaqua  ",
123161,"Yuri Jaqua  ",Yuri.Jaqua. 123161@email.io
195872,"Yuri Jaqua  ",
